177456,Koketso,Megalo,Megalok@gmail.com,Maponya18,001
156763,Tshepo,Mayga,MayagaT@gmail.com,Mistabo17,002
298767,Thabang,Thabong,ThabongT@gmail.com,Kvbash45,003
512435,Israel,Nkuna,Shamus@gmail.com,Lokask12,004
109867,Sheba,Shibambo,ShibamboS@gmail.com,ShibVee67,005
102576,Salome,Seleke,SelekeJK@gmail.com,Malaika89,006
1023784,Samson,Machaka,Machakas@gmail.com,Stallion98,007
1012354,Jankie,Chang,ChangJackie@gmail.com,Samsung87,008